시설형태,설치 위치,위도,경도,데이터기준일
개방형,서울특별시 용산구 서울역 광장 15번출구,37.553149,126.968881,
개방형,서울특별시 용산구 서울역 광장 1번출구,37.55376,126.969662,
개방형,서울특별시 용산구 용산역 광장,37.528404,126.965569,
개방형,서울특별시 용산구 용산구청 옥상,37.532709,126.99,
개방형,서울특별시 용산구 용산구청 2층 외부,37.532709,126.99,
개방형,서울특별시 용산구 용산경찰서 1층 외부,37.541169,126.96765,
개방형,서울특별시 용산구 원효지구대 방범순찰대(옛 용산구청),37.538716,126.96589,
개방형,서울특별시 용산구 서울지방보훈청 실외,37.534923,126.974192,
개방형,서울특별시 용산구 용산세무서 1층 외부,37.523302,126.96868,
개방형,서울특별시 용산구 국방부 컨벤스 1층 외부,37.533237,126.97859,
개방형,서울특별시 용산구 순천향대학교 서울병원 장례식장 외부,37.534466,127.004585,
개방형,서울특별시 용산구 순천향대학교 서울병원 신관 옥상,37.534009,127.004334,
개방형,서울특별시 용산구 1층 외부 주차장 가는길 휴식장소,37.539372,126.997264,
개방형,서울특별시 용산구 아이파크몰 달 주차장 4.5층,37.529492,126.964318,
개방형,서울특별시 용산구 아이파크몰 해 주차장 4.5층,37.529492,126.964318,
개방형,서울특별시 용산구 아이파크몰 8층 옥상,37.529492,126.964318,
개방형,서울특별시 용산구 선인상가 21동 1층 외부,37.533068,126.963521,
개방형,서울특별시 용산구 선인상가 21동 옥상,37.533068,126.963521,
개방형,서울특별시 용산구 1층 공유지,37.533417,126.96736,
개방형,서울특별시 용산구 주차장 지하 1층,37.532818,126.958895,
개방형,서울특별시 용산구 아모레퍼시픽 10층 테라스,37.52911,126.968532,
개방형,서울특별시 용산구 제일기획 1층 외부 주차장,37.535103,126.998616,
개방형,서울특별시 용산구 건물 옥상,37.536678,126.961147,
개방형,서울특별시 용산구 충영빌딩 옥상,37.538329,126.959979,
개방형,"서울특별시 용산구 e테크밸리 공개공지, 옥상",37.533234,126.957656,
개방형,서울특별시 용산구 삼원빌딩 옥상,37.534626,126.959002,
개방형,서울특별시 용산구 대교빌딩 옥상,37.533918,126.95763,
개방형,서울특별시 용산구 현대자동차사옥 옥상,37.531999,126.953751,
개방형,서울특별시 용산구 진성빌딩 옥상,37.53461,126.966177,
개방형,서울특별시 용산구 미성상사㈜ 1층 외부,37.538839,126.968402,
개방형,서울특별시 용산구 미성상사 공장 옥상,37.538839,126.968402,
개방형,서울특별시 용산구 조양빌딩 옥상,37.536223,126.963549,
개방형,서울특별시 용산구 하나실업빌딩 옥상,37.534709,126.960734,
개방형,서울특별시 용산구 오리온제과 옥상,37.535767,126.969873,
개방형,"서울특별시 용산구 오리온제과 공장 옥상, 주차장",37.536202,126.969268,
개방형,"서울특별시 용산구 우경빌딩 옥상, 1층 외부",37.534231,126.961404,
개방형,서울특별시 용산구 POBA 지방행정공제회 건물 1층 주차장,37.531685,126.970651,
개방형,서울특별시 용산구 넥서스밸리 1층 외부,37.534144,126.964859,
개방형,서울특별시 용산구 GS한강에끌라트 1층 외부,37.531399,126.955431,
개방형,서울특별시 용산구 한강그랜드오피스 주차장 옆,37.531222,126.955055,
개방형,"서울특별시 용산구 용산전자오피스텔 옥상, 건물옆",37.532207,126.956792,
개방형,서울특별시 용산구 NH농협은행 용산별관(하나로마트) 옥상,37.533197,126.964645,
개방형,"서울특별시 용산구 대우아이빌 16층 옥상, 1층 외부",37.531695,126.968805,
개방형,서울특별시 용산구 유베이스 1층 외부,37.538001,126.967147,
개방형,서울특별시 용산구 대원빌딩 1층 현관옆,37.535201,126.963618,
개방형,서울특별시 용산구 기독교대한감리회여선교회관 1층 외부,37.535109,127.011499,
개방형,서울특별시 용산구 일각빌딩 5층,37.540322,126.989802,
개방형,서울특별시 용산구 한남빌딩 5층 외부,37.535022,126.997224,
개방형,서울특별시 용산구 남영비비안 1층 외부(정자),37.528894,126.964038,
개방형,서울특별시 용산구 서울역 풍림 아이원플러스 공개공지,37.55492,126.968415,
개방형,서울특별시 용산구 세광음악사 옥상,37.553965,126.965964,
개방형,서울특별시 용산구 한화빌딩 1층 외부,37.552032,126.968943,
개방형,서울특별시 용산구 보은개발빌딩 옥상,37.551185,126.96922,
개방형,서울특별시 용산구 애전빌딩 옥상,37.54175,126.970388,
개방형,서울특별시 용산구 한진중공업 빌딩 5층 외부,37.540529,126.972721,
개방형,서울특별시 용산구 KCC IT빌딩 옥상,37.548507,126.972205,
개방형,서울특별시 용산구 금강토탈패션할인매장 주차장,37.543561,126.971505,
개방형,서울특별시 용산구 용산빌딩 1층 외부(건물뒤편),37.542611,126.972137,
개방형,서울특별시 용산구 청룡빌딩 주차장,37.541424,126.972679,
개방형,"서울특별시 용산구 롯데지알에스 옥상, 주차장",37.54154,126.971791,
개방형,서울특별시 용산구 금강빌딩 주차장,37.544739,126.973179,
개방형,서울특별시 용산구 수빌딩 옥상,37.532824,126.970666,
개방형,서울특별시 용산구 우리빌딩 주차장,37.54096,126.973516,
개방형,서울특별시 용산구 기업은행용산지점 2층 베란다,37.541995,126.973179,
개방형,서울특별시 용산구 진흥빌딩 옥상,37.5485,126.977574,
개방형,서울특별시 용산구 한치과의원 건물 주차장,37.54589,126.976959,
폐쇄형,서울특별시 용산구 LS용산타워 주차장,37.528002,126.967632,
폐쇄형,서울특별시 용산구 용산더프라임 업무동 지하 1층,37.540259,126.969626,
개방형,서울특별시 용산구 한국폴리텍대학 정수캠퍼스,37.529136,126.996483,
개방형,서울특별시 용산구 한국폴리텍대학 정수캠퍼스,37.52871,126.996226,
개방형,서울특별시 용산구 한국폴리텍대학 정수캠퍼스,37.529323,126.995976,
개방형,서울특별시 용산구 한국폴리텍대학 정수캠퍼스,37.529799,126.996498,
폐쇄형,서울특별시 용산구 한강로2가 424-5(LS타워 인근 보도),37.527798,126.967138,
개방형,서울특별시 용산구 한강로3가 12-6(용산전자상가1 공영주차장 인근 보도),37.532293,126.964512,
개방형,서울특별시 용산구 한강로3가 17-1(신용산지하차도 인근 보도),37.532324,126.964955,
개방형,서울특별시 용산구 동자동 14-151(서울역 11번 출구 인근 보도),37.553105,126.97281,
,서울특별시 구로구 고척동 66-47,37.49821257,126.8670887,2024-04-12
,서울특별시 구로구 고척동 76-189,37.49964687,126.8663582,2024-04-12
,서울특별시 구로구 구로동 80-28,37.49117964,126.8846377,2024-04-12
,서울특별시 구로구 구로동 237,37.48199214,126.8923489,2024-04-12
,서울특별시 구로구 구로동 212-8,37.48356957,126.8955028,2024-04-12
,서울특별시 구로구 구로동 182-13,37.48592317,126.8973364,2024-04-12
,서울특별시 구로구 구로동 182-4,37.48547262,126.8982231,2024-04-12
,서울특별시 구로구 구로동 222-7,37.48338954,126.8965199,2024-04-12
,서울특별시 구로구 구로동 197-5,37.4860566,126.8946693,2024-04-12
,서울특별시 구로구 구로동 811,37.48428564,126.8992821,2024-04-12
,서울특별시 구로구 구로동 170-5,37.48698233,126.8953148,2024-04-12
,서울특별시 구로구 구로동 197-10,37.48675856,126.8930445,2024-04-12
,서울특별시 구로구 구로동 197-7,37.48487602,126.8937672,2024-04-12
,서울특별시 구로구 구로동 197-48,37.48449754,126.8933105,2024-04-12
,서울특별시 구로구 구로동 235-2,37.48161059,126.8934793,2024-04-12
,서울특별시 구로구 구로동 188-5,37.48487797,126.8972987,2024-04-12
,서울특별시 구로구 구로동 222-31,37.48308233,126.8976995,2024-04-12
,서울특별시 구로구 구로동 3-25 북서쪽 철로변측 인도공간,37.50704,126.8902,2024-04-12
,서울특별시 구로구 신도림동 460-26 신도림역 2번출구,37.50904,126.8912,2024-04-12
완전개방형,한강프리젠,37.5398,126.8937,
완전개방형,프리가,37.5125,126.9238,
완전개방형,에이스 테크노타워,37.515,126.8959,
개방형,고려빌딩,37.5193,126.9314,
개방형,리버타워오피스텔,37.5195,126.9386,
완전개방형,금강빌딩,37.5181,126.9208,
완전개방형,두일빌딩,37.5193,126.9306,
개방형,영등포아트자이아파트,37.5102,126.8996,
완전개방형,데시잉루브,37.5322,126.9,
완전개방형,금산빌딩,37.5282,126.9165,
완전개방형,홍진빌딩,37.5004,126.8986,
완전개방형,리앤나빌리지,37.5256,126.8982,
완전개방형,중앙빌딩,37.5208,126.9292,
개방형,JB빌딩,37.5239,126.9274,
개방형,금융투자센터빌딩,37.519,126.9274,
개방형,아이에스비즈타워 1차,37.5358,126.8919,
개방형,LG트윈타워빌딩,37.5277,126.9292,
개방형,오성빌딩,37.53,126.9223,
완전개방형,토산빌딩,37.5224,126.9095,
개방형,도림시장㈜,37.5097,126.8986,
개방형,우림이비지센터,37.5255,126.8878,
완전개방형,제일빌딩,37.5191,126.9309,
완전개방형,에이스하이테크시티2,37.5191,126.8864,
개방형,에이스하이테크시티,37.5144,126.8992,
개방형,SK V1 center,37.5306,126.8986,
개방형,아이에스비즈타워 2차,37.5361,126.8952,
개방형,은석 오피스텔,37.5257,126.9086,
개방형,하나비즈타워,37.522,126.8932,
완전개방형,유성빌딩,37.5213,126.9301,
완전개방형,대륭빌딩,37.5165,126.8881,
개방형,태양빌딩,37.5202,126.9294,
완전개방형,백상빌딩,37.5217,126.9266,
완전개방형,센터플러스,37.5121,126.897,
완전개방형,"선유도우림아이온스밸리 A,B동",37.5388,126.8915,
개방형,금강펜테리움IT타워,37.5298,126.8982,
완전개방형,타원벨라움,37.5082,126.8962,
완전개방형,데시앙루브,37.5322,126.9,
완전개방형,문래임광그대가,37.5201,126.8891,
개방형,양평 이노플렉스,37.5253,126.8893,
완전개방형,삼성타운,37.5318,126.9009,
개방형,한서리버파크,37.5307,126.9239,
완전개방형,트리플렉스,37.5194,126.8981,
완전개방형,아라비즈타워,37.5198,126.8912,
개방형,에이스테크노타워,37.515,126.8949,
개방형,선유로코오롱디지털타워,37.5396,126.895,
완전개방형,양평우림보보카운티,37.5256,126.8871,
완전개방형,하우스디비즈 지식산업센터,37.5202,126.8979,
개방형,홍우빌딩,37.5208,126.9314,
완전개방형,가든빌딩,37.5289,126.9213,
개방형,삼성 코코빌,37.5252,126.8826,
개방형,정우빌딩,37.5289,126.922,
개방형,월드메르디앙비즈센터,37.5254,126.8889,
개방형,맨하탄빌딩,37.5207,126.9269,
개방형,NH투자증권본사,37.5244,126.9232,
개방형,코레일유통,37.5258,126.9023,
개방형,한국우편사업진흥원,37.5238,126.9052,
개방형,대림중앙시장,37.491,126.8993,
개방형,여의도 한화증권 앞,37.5236,126.9226,
개방형,여의도 오투타워 앞,37.5231,126.9229,
개방형,여의도 한화손해빌딩 앞,37.5237,126.9221,
개방형,한국교직원공제회관 앞,37.5222,126.9253,
개방형,여의도역3번출구 뒤쪽,37.5225,126.9238,
개방형,상희익스콘벤터타워 1,37.5271,126.9194,
개방형,상희익스콘벤터타워 2,37.5272,126.9197,
개방형,한국투자증권 앞,37.5225,126.9226,
개방형,한국거래소 앞1,37.5228,126.9268,
개방형,한국거래소 앞2,37.5227,126.9268,
,서울특별시 광진구 강변역로4길 68,37.53254064,127.0925786,2021-12-21
,서울특별시 광진구 강변역로4길 68,37.53232407,127.0929998,2021-12-21
,서울특별시 광진구 광나루로 480,37.54496587,127.0828907,2021-12-21
,서울특별시 광진구 광나루로 580,37.54316971,127.0931858,2021-12-21
,서울특별시 광진구 광나루로56길 8,37.5391025,127.0977689,2021-12-21
,서울특별시 광진구 광나루로56길 85,37.53600275,127.0953945,2021-12-21
,서울특별시 광진구 광나루로56길 85,37.53536423,127.0959459,2021-12-21
,서울특별시 광진구 광나루로56길 85,37.53544727,127.0960893,2021-12-21
,서울특별시 광진구 광나루로56길 85,37.53616002,127.096129,2021-12-21
,서울특별시 광진구 능동로 120,37.54317933,127.07682,2021-12-21
,서울특별시 광진구 능동로 120,37.54185048,127.0749608,2021-12-21
,서울특별시 광진구 능동로 120,37.54162561,127.0793227,2021-12-21
,서울특별시 광진구 능동로 209,37.55228045,127.0737184,2021-12-21
,서울특별시 광진구 능동로 209,37.54896998,127.0739552,2021-12-21
,서울특별시 광진구 능동로 209,37.55043462,127.0736971,2021-12-21
,서울특별시 광진구 능동로 209,37.55050736,127.0735124,2021-12-21
,서울특별시 광진구 능동로 209,37.54969251,127.0752487,2021-12-21
,서울특별시 광진구 능동로 209,37.55057227,127.0743796,2021-12-21
,서울특별시 광진구 능동로 209,37.54961155,127.0734844,2021-12-21
,서울특별시 광진구 능동로 92,37.53884905,127.0711701,2021-12-21
,서울특별시 광진구 아차산로 200,37.54086814,127.0660134,2021-12-21
,서울특별시 광진구 아차산로 200,37.54086814,127.0660134,2021-12-21
,서울특별시 광진구 워커힐로 177,37.55544881,127.1106077,2021-12-21
,서울특별시 광진구 워커힐로 93,37.55049619,127.0978684,2021-12-21
,서울특별시 광진구 워커힐로 93,37.55049619,127.0978684,2021-12-21
,서울특별시 광진구 자양로 116,37.53839736,127.0839882,2021-12-21
,서울특별시 광진구 자양로 138,37.53996409,127.0836487,2021-12-21
,서울특별시 광진구 자양로 45,37.53185001,127.0854161,2021-12-21
,서울특별시 광진구 능동로 120,37.54322219,127.0748831,2021-12-21
,서울특별시 광진구 능동로 120,37.54131585,127.0773047,2021-12-21
,서울특별시 광진구 능동로 120,37.54251611,127.0787964,2021-12-21
,서울특별시 광진구 능동로 120,37.54084765,127.0793382,2021-12-21
,서울특별시 광진구 능동로 120,37.54033739,127.0743631,2021-12-21
,서울특별시 광진구 능동로 120,37.54100337,127.0740013,2021-12-21
,서울특별시 광진구 능동로 120,37.54416818,127.0753642,2021-12-21
,서울특별시 광진구 능동로 120,37.54203127,127.073782,2021-12-21
,서울특별시 광진구 능동로 120,37.54449602,127.0760509,2021-12-21
완전개방형,양천구청 부지,37.512295,126.865945,2024-08-15
완전개방형,해누리타운 4층 옥외정원,37.512295,126.865945,2024-08-15
완전개방형,양천경찰서 부지,37.5352022,126.8786057,2024-08-15
개방형,남부지방법원 후문 옆,37.52165385,126.8636514,2024-08-15
개방형,양천세무서 부지 우측,37.52055435,126.8699736,2024-08-15
개방형,이대목동병원 부지,37.53653465,126.886217,2024-08-15
개방형,홍익병원 옥상,37.528508,126.863557,2024-08-15
개방형,서남병원 부지,37.5115198,126.8325657,2024-08-15
완전개방형,현대백화점 4층,37.5273929,127.0275065,2024-08-15
개방형,상운맘모스빌딩 옥상,37.52140119,126.8477377,2024-08-15
개방형,현대41타워 부지,37.52556537,126.8774052,2024-08-15
개방형,SBS 부지,37.5289111,126.873831,2024-08-15
개방형,KT 목동타워 부지,37.5292738,126.8711603,2024-08-15
개방형,목동아이스링크 부지,37.53078465,126.8792558,2024-08-15
개방형,양천차고지 1층,37.51124325,126.8360912,2024-08-15
완전개방형,현대드림타워 후문 부지,37.5274828,126.8715748,2024-08-15
완전개방형,부영그린타운 3차 부지,37.52556537,126.8774052,2024-08-15
개방형,서울특별시 관악구 남부순환로 1636,37.48428875,126.9326664,
완전폐쇄형,서울특별시 관악구 봉천로 209,37.4905387,126.9250502,
완전폐쇄형,서울특별시 관악구 관악로 145,37.48255538,126.9535852,
개방형,서울특별시 관악구 관악로 145,37.48255538,126.9535852,
폐쇄형,서울특별시 관악구 남부순환로234길 73,37.47618505,126.9564137,
완전폐쇄형,서울특별시 관악구 관악구 신림로3길 35,37.4675466,126.9448919,
개방형,서울특별시 관악구 관악로 242,37.48255538,126.9535852,
개방형,서울특별시 관악구 신림로 330 ,37.48377515,126.9301443,
개방형,서울특별시 관악구 승방4길 14,37.47454505,126.9806329,
개방형,서울특별시 관악구 신림로 340,37.4847684,126.930087,
밀폐형 실외 흡연실,서울특별시 송파구 올림픽로 300,37.51374215,127.1042466,2024-06-30
개방형 실외 흡연실,서울특별시 송파구 법원로11길 7,37.48582898,127.1188061,2024-06-30
밀폐형 실외 흡연실,서울특별시 송파구 충민로66,37.4781442,127.1256943,2024-06-30
개방형 실외 흡연실,서울특별시 송파구 법원로 128,37.48701185,127.1204723,2024-06-30
부분폐쇄형,서울특별시 중구 남대문로 81,37.56485565,126.9817065,2023-03-31
부분폐쇄형,서울특별시 중구 을지로 35,37.5663856,126.9818781,2023-03-31
부분폐쇄형,서울특별시 중구 을지로 66,37.5658833,126.9859321,2023-03-31
개방형,서울특별시 중구 삼일대로 363,37.5673769,126.9865762,2023-03-31
개방형,서울특별시 중구 장충단로 275,37.5687628,127.0087174,2023-03-31
부분폐쇄형,서울특별시 중구 한강대로 416,37.5559122,126.9734991,2023-03-31
,서울특별시 성동구 행당동 1-182,37.55783,127.03571,
,서울특별시 성동구 도선동 58-1,37.56322,127.03311,
,서울특별시 성동구 성수동1가 13-164,37.5435,127.03742,
,서울특별시 성동구 성수동2가 280,37.54048,127.05601,
개방형,진흥로 85,37.6044953,126.9216035,2024-01-02
폐쇄형,통일로62길 7,37.6070676,126.9342107,2024-01-02
개방형,불광로 20,37.60970285,126.9289089,2024-01-02
폐쇄형,불광로 20,37.60970285,126.9289089,2024-01-02
개방형,진관2로 31,37.63488255,126.92072,2024-01-02
폐쇄형,은평로195,37.6026712,126.9288772,2024-01-02
개방형2,진관동120,37.6421169,126.9354305,2024-01-02
개방형,백련산로 90,37.5867851,126.9223126,2024-01-02
폐쇄형,통일로 1021,37.63349885,126.915927,2024-01-02
개방형1,갈현로7길 49,37.604312,126.9048421,2024-01-02
개방형2,갈현로7길 49,37.604312,126.9048421,2024-01-02
개방형,통일로 842,37.61866835,126.9220314,2024-01-02
개방형,진흥로 235,37.610182,126.935001,2024-01-02
개방형,진흥로215,37.60967064,126.9357224,2024-01-02
폐쇄형,진흥로215,37.60967064,126.9357224,2024-01-02
폐쇄형,가좌로7길 11,37.586117,126.9204817,2024-01-02
개방형,진관2로 15-8,37.63535775,126.9195417,2024-01-02
개방형,불광로 41,37.6115691,126.9302194,2024-01-02
폐쇄형,통일로 731,37.6105363,126.9292987,2024-01-02
폐쇄형,연서로32길3,37.61943908,126.9239681,2024-01-02
폐쇄형,은평로 192,37.6011907,126.9289625,2024-01-02
폐쇄형,증산로7길 16,37.58343985,126.9075324,2024-01-02
폐쇄형,통일로 855-20,37.6049257,126.9345889,2024-01-02
폐쇄형,은평로 187-1,37.6018363,126.928666,2024-01-02
폐쇄형,갈현로 39-1,37.6014922,126.9100861,2024-01-02
폐쇄형,통일로 850,37.6192823,126.9214788,2024-01-02
폐쇄형,진흥로 112,37.6064958,126.9233298,2024-01-02
폐쇄형,은평로 5,37.5984122,126.9146912,2024-01-02
폐쇄형,통일로 697,37.6081975,126.9316822,2024-01-02
폐쇄형,연서로 320,37.6237026,126.9282333,2024-01-02
폐쇄형,연서로 213,37.6176553,126.9192312,2024-01-02
폐쇄형,은평로 136,37.6002275,126.9230907,2024-01-02
폐쇄형,통일로 855-20,37.6049257,126.9345889,2024-01-02
폐쇄형,진흥로 144,37.6080999,126.926025,2024-01-02
폐쇄형,역말로 82,37.61209,126.92292,2024-01-02
폐쇄형1,연서로 247,37.6197327,126.9223468,2024-01-02
폐쇄형2,연서로 247,37.6197327,126.9223468,2024-01-02
폐쇄형,진관2로 15-46,37.6386648,126.9191072,2024-01-02
폐쇄형2,갈현로 14,37.61104165,126.9118082,2024-01-02
폐쇄형,응암로11길 3,37.58846,126.91584,2024-01-02
폐쇄형,진흥로1길 34,37.6021723,126.9195517,2024-01-02
폐쇄형,진관3로 22,37.63893475,126.9191679,2024-01-02
폐쇄형,은평로 205-5,37.6016079,126.9311413,2024-01-02
폐쇄형,응암로22길 22-1,37.59328495,126.9206496,2024-01-02
폐쇄형,갈현로 82,37.6053087,126.9106727,2024-01-02
폐쇄형,통일로 835,37.6178806,126.9216097,2024-01-02
폐쇄형,응암로13길 14,37.5894471,126.9159584,2024-01-02
폐쇄형,갈현로 61,37.6035374,126.9101748,2024-01-02
폐쇄형,은평로 169,37.6015523,126.9263123,2024-01-02
폐쇄형,진흥로 148,37.6085382,126.926401,2024-01-02
폐쇄형,연서로 195,37.6163757,126.9184224,2024-01-02
폐쇄형,갈현로 15,37.5993301,126.9099781,2024-01-02
폐쇄형,진관2로 29-21,37.63576585,126.9193945,2024-01-02
폐쇄형,연서로 73,37.6056343,126.9150489,2024-01-02
폐쇄형,통일로 856,37.6196342,126.9214784,2024-01-02
폐쇄형,통일로 855-9,37.6189236,126.9199065,2024-01-02
폐쇄형,연서로29길 8-8,37.6203064,126.917492,2024-01-02
폐쇄형2,은평로 56,37.59850185,126.9140785,2024-01-02
폐쇄형,통일로83길 6-5,37.6207779,126.9177507,2024-01-02
폐쇄형,"응암로 269, 지층",37.5959878,126.9188315,2024-01-02
폐쇄형,통일로83길 6-29,37.6207779,126.9177507,2024-01-02
폐쇄형,은평로 108,37.5998186,126.9201035,2024-01-02
폐쇄형,연서로 209,37.6173368,126.9187981,2024-01-02
폐쇄형,진관2로 15-46,37.6386648,126.9191072,2024-01-02
폐쇄형,응암로 248,37.5939617,126.9183348,2024-01-02
폐쇄형,서오릉로 208,37.6151876,126.9092242,2024-01-02
폐쇄형,연서로29길 13,37.6204676,126.9173382,2024-01-02
폐쇄형,가좌로 318,37.5960369,126.9100296,2024-01-02
폐쇄형,연서로29길 20,37.6195076,126.9184879,2024-01-02
폐쇄형,응암로 247,37.5989473,126.9217368,2024-01-02
폐쇄형,은평로 193-2,37.6021108,126.9289279,2024-01-02
폐쇄형,증산서길 153,37.5851157,126.907528,2024-01-02
폐쇄형3,은평로 34,37.5980874,126.9118949,2024-01-02
폐쇄형,연서로 319,37.6239289,126.9278373,2024-01-02
폐쇄형,응암로13길 5,37.5894471,126.9159584,2024-01-02
폐쇄형2,갈현로 77,37.6047336,126.9102971,2024-01-02
폐쇄형,통일로87길 21,37.62338005,126.9172067,2024-01-02
폐쇄형,통일로87길 5-9,37.6235801,126.9177985,2024-01-02
폐쇄형,증산서길 107,37.5863657,126.9096719,2024-01-02
폐쇄형,통일로83길 6-5,37.6207779,126.9177507,2024-01-02
폐쇄형,은평로 145,37.6009645,126.923737,2024-01-02
폐쇄형,"응암로11길 3, 3층",37.58847421,126.9158099,2024-01-02
폐쇄형,은평로 91,37.5997076,126.9178219,2024-01-02
폐쇄형,통일로69길 5,37.6111617,126.9269323,2024-01-02
폐쇄형,은평로 229,37.6012657,126.9332472,2024-01-02
폐쇄형,증산로9길 12,37.5854073,126.9102089,2024-01-02
폐쇄형,응암로 178-1,37.5777652,126.9087672,2024-01-02
폐쇄형,대서문길 9,37.6576504,126.9470693,2024-01-02
폐쇄형,연서로 317,37.6237556,126.9276983,2024-01-02
폐쇄형,연서로27길 15,37.6183063,126.9174045,2024-01-02
폐쇄형,은평로 46,37.59828755,126.9131273,2024-01-02
폐쇄형,연서로4길 6,37.6025429,126.9172307,2024-01-02
폐쇄형,연서로27길 8-7,37.6183063,126.9174045,2024-01-02
폐쇄형,연서로 154,37.6126455,126.9178106,2024-01-02
폐쇄형,불광로 10,37.6093935,126.9277679,2024-01-02
폐쇄형,진흥로 29,37.6005742,126.9187188,2024-01-02
폐쇄형,가좌로 179,37.5910384,126.9159709,2024-01-02
폐쇄형,증산서길 98,37.5851157,126.907528,2024-01-02
폐쇄형,응암로21길 16,37.5940846,126.916791,2024-01-02
폐쇄형,갈현로 54-8,37.6026415,126.9105428,2024-01-02
폐쇄형,역말로 6,37.61209,126.92292,2024-01-02
폐쇄형,진흥로 105-6,37.606411,126.9222064,2024-01-02
폐쇄형,연서로 274,37.6205593,126.9250968,2024-01-02
폐쇄형,진관2로 15-46,37.6386648,126.9191072,2024-01-02
폐쇄형,통일로 937,37.6266298,126.9196481,2024-01-02
폐쇄형,불광로 7,37.6094761,126.9271167,2024-01-02
폐쇄형,진흥로 103-03404,37.60967064,126.9357224,2024-01-02
폐쇄형,통일로 82,37.6240118,126.923912,2024-01-02
폐쇄형,통일로 817,37.6165464,126.9231743,2024-01-02
폐쇄형,응암로13길 24,37.5894471,126.9159584,2024-01-02
폐쇄형,진흥로 148,37.6085382,126.926401,2024-01-02
폐쇄형,가좌로 321,37.59606055,126.9093512,2024-01-02
폐쇄형,연서로 295-1,37.6220924,126.9265063,2024-01-02
폐쇄형,응암로22길 20,37.5936175,126.9198358,2024-01-02
폐쇄형,진관3로 22,37.63893475,126.9191679,2024-01-02
폐쇄형,응암로 269,37.5959878,126.9188315,2024-01-02
폐쇄형,통일로87길 6,37.6230528,126.9174882,2024-01-02
폐쇄형,연서로 296,37.6217926,126.9268918,2024-01-02
폐쇄형,은평로16길 18,37.599463,126.9297433,2024-01-02
폐쇄형,진흥로 156,37.6087472,126.9269795,2024-01-02
폐쇄형,은평로 37,37.5984944,126.9120789,2024-01-02
폐쇄형,연서로 91,37.6073063,126.9149036,2024-01-02
폐쇄형,역말로 101,37.61209,126.92292,2024-01-02
폐쇄형,역말로 20,37.61209,126.92292,2024-01-02
폐쇄형,연서로34길 23,37.621337,126.9267298,2024-01-02
폐쇄형,불광로 95,37.6154454,126.932703,2024-01-02
폐쇄형,진흥로1길 24,37.6021723,126.9195517,2024-01-02
폐쇄형,연서로29길 8-8,37.6203064,126.917492,2024-01-02
폐쇄형,갈현로 300,37.6236081,126.9174235,2024-01-02
폐쇄형,응암로 340-1,37.601501,126.9228395,2024-01-02
폐쇄형,응암로22길 22-1,37.59328495,126.9206496,2024-01-02
폐쇄형,갈현로 100,37.6086161,126.9114713,2024-01-02
폐쇄형2,불광로 90,37.6147539,126.9328608,2024-01-02
폐쇄형1,증산로21길 11,37.59691435,126.9131341,2024-01-02
폐쇄형2,증산로21길 11,37.59691435,126.9131341,2024-01-02
폐쇄형1,연서로17길 34-14,37.6132931,126.9147578,2024-01-02
폐쇄형2,연서로17길 34-14,37.6132931,126.9147578,2024-01-02
폐쇄형,통일로 1030,37.63416975,126.9176896,2024-01-02
폐쇄형1,불광천길 536,37.5926382,126.9154315,2024-01-02
폐쇄형2,불광천길 536,37.5926382,126.9154315,2024-01-02
폐쇄형1,통일로 1050,37.63717765,126.9179672,2024-01-02
폐쇄형2,통일로 1050,37.63717765,126.9179672,2024-01-02
폐쇄형3,통일로 1050,37.63717765,126.9179672,2024-01-02
개방형1,통일로 78가길 13-84,37.61828325,126.926609,2024-01-02
개방형2,통일로 78가길 13-84,37.61828325,126.926609,2024-01-02
개방형3,통일로 78가길 13-84,37.61828325,126.926609,2024-01-02
개방형4,통일로 78가길 13-84,37.61828325,126.926609,2024-01-02
폐쇄형,"갈현로 39-1, 2층 (신사동)",37.60545059,126.9105194,2024-01-02
폐쇄형2,"은평로 56, 안건빌딩 4층 (신사동)",37.59850185,126.9140785,2024-01-02
폐쇄형,"불광로 28, 3층 (대조동)",37.6102985,126.9291099,2024-01-02
폐쇄형,"연서로 73 (역촌동, 지하1층)",37.61897204,126.9227982,2024-01-02
폐쇄형1,"진관3로 22, 3층 301호 (진관동)",37.63893475,126.9191679,2024-01-02
폐쇄형2,"진관3로 22, 3층 301호 (진관동)",37.63893475,126.9191679,2024-01-02
폐쇄형2,"갈현로 82, 5층 501호,502호 (역촌동)",37.6053087,126.9106727,2024-01-02
폐쇄형,"응암로13길 14, 지하1층 (응암동, 디우아르떼 아파트)",37.58878987,126.9144213,2024-01-02
폐쇄형,"갈현로 14, 지하층 (신사동)",37.61104165,126.9118082,2024-01-02
폐쇄형,"갈현로 61, 정화빌딩 지하1층 (역촌동)",37.60545059,126.9105194,2024-01-02
폐쇄형,"연서로 195, 영보빌딩 지층 (갈현동)",37.61897204,126.9227982,2024-01-02
폐쇄형,"은평로 5, 2층 (신사동)",37.59758525,126.9107194,2024-01-02
폐쇄형,"은평로 169, 우리빌딩 2층 (응암동)",37.6015523,126.9263123,2024-01-02
폐쇄형,"통일로 854 (불광동, 2층)",37.58724266,126.9459055,2024-01-02
폐쇄형,"연서로29길 17-4, 2층 (갈현동)",37.61854213,126.919218,2024-01-02
폐쇄형,불광로 46 (불광동),37.6151424,126.9319601,2024-01-02
폐쇄형,"서오릉로 204 (갈현동, 지층)",37.6141112,126.9111893,2024-01-02
폐쇄형,"불광로 40, 지하1층 (불광동)",37.6110845,126.9303673,2024-01-02
폐쇄형,"불광로 7 (대조동, 7층)",37.6094761,126.9271167,2024-01-02
폐쇄형,"통일로 863-4 (갈현동, 3층)",37.58724266,126.9459055,2024-01-02
폐쇄형,"통일로 727 (대조동,,9호(지상2층))",37.58724266,126.9459055,2024-01-02
폐쇄형,"통일로 842, 범서빌딩 3층 (불광동)",37.61866835,126.9220314,2024-01-02
폐쇄형,"통일로 724-1, 1,2층 (불광동)",37.58724266,126.9459055,2024-01-02
폐쇄형,"불광로 28 (대조동,(지상3층))",37.6102985,126.9291099,2024-01-02
폐쇄형,"은평로 187-4, 1~2층 (녹번동)",37.602091,126.9286617,2024-01-02
폐쇄형,"불광로 25-1, 2층 (대조동, 디와이빌)",37.6107768,126.9285812,2024-01-02
폐쇄형2,"은평로 37, 2층 (신사동)",37.5984944,126.9120789,2024-01-02
폐쇄형,통일로 660,37.6067805,126.936521,2024-01-02
폐쇄형1,통일로 585-1,37.5990979,126.9364269,2024-01-02
폐쇄형2,통일로 585-1,37.5990979,126.9364269,2024-01-02
폐쇄형,서울시 강북구 도봉로 242,37.616649,127.0299619,2020-09-17
개방형,서울시 강북구 삼각산로 089,37.64042,127.0142,2020-09-17
완전폐쇄형,서울시 강북구 오패산로 406,37.61982,127.03271,2020-09-17
완전개방형,서울시 강북구 한천로 913,37.6375432,127.031506,2020-09-17
폐쇄형,서울시 강북구 오현로 145,37.6273929,127.038161,2020-09-17
폐쇄형,서울시 강북구 덕릉로40길 74,37.6342398,127.0325997,2020-09-17
개방형,서울시 강북구 도봉로 238,37.616649,127.0299619,2020-09-17
개방형,서울시 강북구 솔샘로 223,37.6181063,127.0253753,2020-09-17
폐쇄형,서울시 강북구 도봉로 62,37.6161004,127.029994,2020-09-17
완전폐쇄형,서울시 강북구 한천로 1289,37.6375432,127.031506,2020-09-17
완전개방형,성북구보건소 10층 ,37.602356,127.0390778,2024-02-01
개방형,성북구청 12층 ,37.58976,127.0175,2024-02-01
개방형,성북구청 5층 휴게공간,37.58976,127.0175,2024-02-01
완전폐쇄형,고려대학교 안암병원출입구 앞 통행로,37.5864075,127.026653,2024-02-01
개방형,성북중앙병원 옥상,37.60169825,127.032618,2024-02-01
개방형,국민대학교 북악관 뒤,37.61147915,126.9964154,2024-02-01
폐쇄형,서경대 북악관 앞,37.6149469,127.0128587,2024-02-01
폐쇄형,한성대학교 학송관 옆,37.58211245,127.0105404,2024-02-01
폐쇄형,현대백화점 미아점 옥상,37.5273929,127.0275065,2024-02-01
완전폐쇄형,이마트 미아점 주차동 1층,37.4915853,126.8540629,2024-02-01
개방형,서울특별시 노원구 중계동 507 중계근린공원 주차장 내,37.63965447,127.0651318,2024-07-10
밀폐형,서울특별시 노원구 중계동 508-1 등나무문화공원 주차장 내,37.64044018,127.0676933,2024-07-10
실외,서울특별시 동작구 노량진로 174,37.5134622,126.9452938,2024-04-05
개방형,화곡로 302 ,37.54131217,126.8391781,
개방형,우장산로 66 ,37.5534633,126.8436278,
완전개방형,공항대로 213 ,37.5570007,126.8490774,
완전개방형,마곡중앙8로 3길 79 ,37.5649826,126.8371882,
완전개방형,마곡중앙8로 1길 62 ,37.56577478,126.8364547,
완전개방형,마곡중앙8로 3길 53 ,37.5649826,126.8371882,
개방형,강서로 443 ,37.57121785,126.8411613,
완전개방형,강서로 449 ,37.57121785,126.8411613,
완전개방형,마곡서로 170 ,37.5555695,126.8206672,
완전개방형,마곡중앙5로 1길 25 ,37.56758342,126.8262873,
개방형,마곡중앙 8로 1길 16 ,37.56577478,126.8364547,
폐쇄형,강서구 마곡중앙로 201 ,37.55644542,126.8264805,
개방형,마곡중앙로 150 ,37.5594349,126.82462,
개방형,양천로 251 ,37.56418695,126.8512817,
개방형,하늘길 233,37.55253495,126.8127403,
완전개방형,마곡중앙6로 65 ,37.56002852,126.8300028,
완전개방형,마곡중앙6로 69 ,37.56002852,126.8300028,
폐쇄형,"하늘길 111, ",37.56255081,126.8004971,
폐쇄형,"하늘길 38, ",37.56606075,126.801022,
폐쇄형,"하늘길 111, ",37.56255081,126.8004971,
완전폐쇄형,연희로 248,37.579182,126.9367984,
개방형,연희로 248,37.579182,126.9367984,
개방형,연희로 182,37.56581396,126.9293245,
개방형,서소문로 51,37.5622459,126.9702654,
개방형,성산로20길 9,37.5608304,126.9320077,
개방형,통일로 113,37.60130231,126.9357059,
완전폐쇄형,통일로 97,37.563523,126.967443,
개방형,충정로 36,37.56193445,126.9644427,
개방형,충정로 60,37.5638543,126.9662649,
완전폐쇄형,연세로 50-1,37.56253745,126.9398803,
개방형,경기대로 44,37.56572134,126.9645279,
폐쇄형,통일로37길 51,37.58671018,126.9440562,
개방형,가좌로 134,37.58442935,126.9251456,
완전폐쇄형,거북골로 34,37.5807574,126.9243586,
개방형,신촌로 197,37.55717085,126.9478349,
개방형,응암로 121,37.58493002,126.9146088,
개방형,성산로 321,37.56207555,126.9425631,
개방형,성산로 263,37.56205954,126.9318024,
개방형,수색로 56,37.5708647,126.9126303,
개방형,경기대로 9,37.56572134,126.9645279,
폐쇄형,충정로 29,37.56223673,126.9634875,
개방형,통일로 135,37.56640885,126.9654897,
개방형,충정로 70,37.5648304,126.9664266,
개방형,충정로 50,37.5629154,126.9651862,
폐쇄형,서소문로 21,37.5598241,126.9640656,
개방형,충정로 8,37.560038,126.9632515,
개방형,서소문로 45,37.5613075,126.9662458,
개방형,연희로 142,37.56581396,126.9293245,
개방형,신촌로 73,37.5563403,126.9348419,
완전개방형,신촌로 231,37.5574036,126.9515697,
완전개방형,신촌로 113,37.5560891,126.9386361,
폐쇄형,충정로 23,37.56120905,126.9629458,
개방형,연세로 13,37.556772,126.9366071,
개방형,신촌로 83,37.5561637,126.9359133,
개방형흡연구역,교보타워(강남대로 465) 부지주차장 진입로 옆,37.50395515,127.0240401,
개방형흡연구역,강남대로 213 엘타워 뒤 주차장 진입로 옆,37.482919,127.0350596,
부분개방형흡연실,서울가정행정법원 청사 출입계단 밑,37.48130835,127.0360973,
개방형흡연부스,서초대로 78길 24 서초동 1327-5 스타벅스 앞,37.49664135,127.0274286,
개방형흡연부스,서초대로 78길 42 서초동 1330-18 현대기림오피스텔 앞,37.4940093,127.0283835,
라인형흡연구역,서희타워(서초동1366-4) 옆 이면도로,37.48818,127.01751,
부분개방형흡연부스,센트럴시티 호남선 출입구 옆,37.5730078,126.9909195,
개방형흡연부스,원지동 23 서초종합체육센터 입구,37.44499,127.04933,
폐쇄형흡연부스,서초구청 주차장 자판기 옆,37.4836087,127.0327736,
개방형흡연부스,방배천복개도로 그린골프장방배동 452-1 앞,37.4798789,126.9939103,
라인형흡연구역,강남대로 221 양재환승주차장 세븐일레븐 편의점 옆,37.4834962,127.0343101,
비대면흡연부스,양재천로21길 29 앞 녹지 사이 보도,37.4770123,127.0391971,
라인형흡연구역,바우뫼로 128 비스텔타워 후면 전신주 주변,37.47548,127.03469,
라인형흡연구역,양재동 261-22 양재천 족구장 기존 흡연구역,37.4683302,127.0388977,
라인형흡연구역,마방로10길 25 건물 주차장 기업은행 지주간판 도로,37.4765966,127.0443224,
라인형흡연구역,논현로1길 23 아파트 외부 보도 가각지점,37.4704041,127.0486633,
라인형흡연구역,논현로1길 83 앞 녹지 옆 기존 흡연구역,37.4704041,127.0486633,
라인형흡연구역,강남대로8길 77 동산마을구립주차장 내,37.4682218,127.0417562,
라인형흡연구역,강남대로6길 60-23 건물 후면 양재대로변 ,37.4675736,127.0447689,
라인형흡연구역,강남대로4길 5 카센터 앞 보도,37.4667982,127.0426656,
라인형흡연구역,강남대로6길 16 건물 앞 녹지사이 보도,37.4671945,127.0420588,
라인형흡연구역,강남대로8길 3 건물 앞 보도 끝지점,37.4678393,127.0413622,
비대면흡연부스,강남대로10길 21 건물 앞 녹지사이 보도,37.4686117,127.0405303,
비대면흡연부스,마방로2길 26 건물 앞 녹지사이 보도,37.4725183,127.0391815,
라인형흡연구역,강남대로30길 7 카센터 옆 기존 주차구역(영동교회 맞은편),37.48299655,127.0408619,
라인형흡연구역,남부순환로 2636 건물 우측 골목(오선채 좌측골목),37.4758337,126.9855531,
라인형흡연구역,강남대로 148 서울마더스성형외과 앞 녹지 사이 보도,37.4779703,127.039221,
라인형흡연구역,양재천로21길 3 건물 앞 보도 가각지점,37.4771186,127.0393355,
라인형흡연구역,양재천로19길 34 건물 앞 녹지 사이 보도,37.4759052,127.0380161,
비대면흡연부스,바우뫼로21길 10 진입로 입구,37.47590585,127.0350364,
비대면흡연부스,강남대로27길 7-9 느린마을양조장 앞,37.4790076,127.0379396,
라인형흡연구역,논현로 27 소호정 주차장,37.4732776,127.0486687,
라인형흡연구역,동산로2길 27 한성생고기 앞,37.4687999,127.0426966,
비대면흡연부스,양재동 316 띠녹지 안,37.46838,127.0361,
비대면흡연부스,강남대로27 AT센터 앞,37.4682628,127.0391709,
개방형흡연부스,사당역 1번 출구와 2번 출구 사이 보도,37.4762172,126.9822599,
개방형흡연부스,반포동 63-7(반포효성빌딩 페라리 매장 앞),37.50312,127.0014,
,서울특별시 중랑구 봉화산로 179(신내동),37.6023451,127.0863927,
,서울특별시 중랑구 신내로 156,37.61358175,127.0971088,
,서울특별시 중랑구 사가정로49길 53,37.58281815,127.086809,
,서울특별시 중랑구 신내역로111,37.6132059,127.1124359,
,서울특별시 중랑구 망우로 353,37.5984231,127.0917744,
,서울특별시 중랑구 망우로 182(상봉동),37.5927165,127.0730688,
,서울특별시 중랑구 중랑천로 71,37.59157385,127.0728101,
,서울특별시 중랑구 면목로 470,37.5937029,127.0865952,
,서울특별시 중랑구 용마산로90길 28,37.58660115,127.0977864,
,서울특별시 중랑구 망우로 353,37.5984231,127.0917744,
,서울특별시 중랑구 망우로 399,37.599295,127.0966061,
,"서울특별시 중랑구  망우동 479 한일써너스빌리젠시1단지 S1215, S1216 지상2층 ",37.6008553,127.1053739,
,서울특별시 중랑구  상봉동 118번지 외2 ,37.6028944,127.0874381,
,서울특별시 중랑구  상봉동 118번지 ,37.6028944,127.0874381,
,서울특별시 중랑구  묵동 239-154번지 ,37.6090779,127.0796523,
,서울특별시 중랑구  망우동 495번지 한일써너스빌리젠시2단지 ,37.6007677,127.1073152,
,"서울특별시 중랑구  상봉동 113번지 B101,호",37.60299385,127.0867081,
,서울특별시 중랑구 면목로27길 92 지하,37.57425985,127.0805651,
,서울특별시 중랑구  망우로70길 105 (망우동),37.59608821,127.1034314,
,서울특별시 중랑구  면목로27길 6 (면목동),37.57472659,127.0827005,
,서울특별시 중랑구  봉화산로 193 (신내동),37.6023451,127.0863927,
,서울특별시 중랑구  용마산로 348 (면목동),37.5830578,127.0942,
,서울특별시 중랑구  신내로25가길 2 (묵동),37.61930107,127.084131,
,서울특별시 중랑구  숙선옹주로 91 (묵동),37.61806169,127.0865145,
,서울특별시 중랑구  중랑천로10길 76 (면목동),37.59221947,127.07584,
,"서울특별시 중랑구  봉화산로 194  (신내동,신아타운(1202호))",37.60638165,127.0946261,
,서울특별시 중랑구  봉화산로56길 153 (신내동),37.6017487,127.0968922,
,서울특별시 중랑구  용마산로 494 (망우동),37.59506915,127.1002592,
,서울특별시 중랑구  망우로 448 (망우동),37.59987865,127.1016479,
,서울특별시 중랑구  용마산로129나길 6 (신내동),37.60690975,127.0996252,
,서울특별시 중랑구  면목로39길 18 (면목동),37.57997455,127.0864589,
,서울특별시 중랑구  신내로21길 6 (묵동),37.61631245,127.0896569,
,서울특별시 중랑구  망우로 316 (상봉동),37.596532,127.0876711,
,서울특별시 중랑구  동일로143길 19 (중화동),37.60507198,127.0763113,
,서울특별시 중랑구  겸재로 226-3 (면목동),37.59016866,127.0955735,
,서울특별시 중랑구  신내로7가길 35 (상봉동),37.60228355,127.0939335,
,서울특별시 중랑구  신내로 48 (신내동),37.6032329,127.0961483,
,서울특별시 중랑구  면목로39길 11 (면목동),37.57955275,127.0863728,
,"서울특별시 중랑구  숙선옹주로 6-9 (묵동, 묵동자이아파트)",37.61806169,127.0865145,
,서울특별시 중랑구  숙선옹주로 6-9 (묵동),37.61806169,127.0865145,
,서울특별시 중랑구  중랑역로 262 (묵동),37.61485195,127.0753608,
,서울특별시 중랑구  봉화산로 194-1002 (신내동),37.60638165,127.0946261,
,서울특별시 중랑구  면목로49길 71 (면목동),37.58282142,127.0862243,
,서울특별시 중랑구  망우로 458 (망우동),37.60006585,127.103035,
,서울특별시 중랑구  면목로37길 17 (면목동),37.5791335,127.0853264,
,서울특별시 중랑구  사가정로52길 22 (면목동),37.5798382,127.08681,
,서울특별시 중랑구  용마산로 494 (망우동),37.59506915,127.1002592,
,서울특별시 중랑구  동일로 608 (면목동),37.5846169,127.0801295,
,서울특별시 중랑구  신내로14길 13 (신내동),37.6058171,127.096123,
,서울특별시 중랑구  봉화산로 117 (상봉동),37.6031793,127.0872848,
,서울특별시 중랑구  망우로 186 (상봉동),37.59301745,127.0734684,
,서울특별시 중랑구  용마산로115길 108 (망우동),37.5980842,127.0941868,
,"서울특별시 중랑구  동일로129길 35 (중화동,태능에센빌 복합상가 지하1층)",37.59975505,127.0772483,
,서울특별시 중랑구  면목로39길 11 (면목동),37.57955275,127.0863728,
,"서울특별시 중랑구  숙선옹주로 6-9 (묵동, 묵동자이아파트)",37.61806169,127.0865145,
,"서울특별시 중랑구  망우로30길 3 (상봉동,안산빌딩 2층)",37.59317835,127.074733,
,서울특별시 중랑구  중랑역로 262 (묵동),37.61485195,127.0753608,
,서울특별시 중랑구  봉화산로 194 (신내동),37.60638165,127.0946261,
,서울특별시 중랑구  봉우재로 73 (상봉동),37.58953261,127.0747191,
,"서울특별시 중랑구  신내로 127 (신내동, 신내 9단지 아파트)",37.59947216,127.097218,
,"서울특별시 중랑구  면목로44길 28 (면목동, 아람플러스리빙)",37.58092995,127.0895308,
,서울특별시 중랑구  봉우재로71길 18 (망우동),37.59669324,127.0971869,
,서울특별시 중랑구  겸재로49길 18 (면목동),37.5910152,127.0901866,
,"서울특별시 중랑구  신내역로 165 (신내동, 신내우디안 2단지 휘트니스센터)",37.61671991,127.1108401,
,"서울특별시 중랑구  봉화산로56길 153, 4층 408호 (신내동, 대명프라자)",37.6017487,127.0968922,
,"서울특별시 중랑구  상봉로 39 (면목동, MS빌딩)",37.59821069,127.0926829,
,"서울특별시 중랑구  망우로60길 37 (망우동, 효성써너스빌에코)",37.5971048,127.0942074,
,"서울특별시 중랑구  면목로39길 8 (면목동, 한성빌딩)",37.57978385,127.0871984,
,"서울특별시 중랑구  망우로 328, 3층 (상봉동, 시네마시티)",37.5968184,127.089031,
,"서울특별시 중랑구  상봉중앙로 41, 2층 (상봉동, 해동 훼미리)",37.60080545,127.0872408,
,"서울특별시 중랑구  신내로 193, 엘리어트하우스 B층 1호 (신내동)",37.61591925,127.094426,
,"서울특별시 중랑구  용마산로 384, 2, 3층 (면목동)",37.57467503,127.0876005,
,"서울특별시 중랑구  봉화산로 218, 지하2층 (신내동)",37.60738605,127.0970647,
,서울특별시 중랑구  면목로33길 33 (면목동),37.57656758,127.0832863,
,서울특별시 중랑구  망우로32길 37 (면목동),37.59268552,127.0767972,
,서울특별시 중랑구  중랑역로 51 (중화동),37.61485195,127.0753608,
,서울특별시 중랑구  동일로129길 54 (중화동),37.59975505,127.0772483,
,서울특별시 중랑구  중랑역로 95 (중화동),37.61485195,127.0753608,
,서울특별시 중랑구  봉화산로 218 (신내동),37.60738605,127.0970647,
,서울특별시 중랑구  송림길 7 (상봉동),37.60365005,127.1026812,
,서울특별시 중랑구  망우로30길 30 (상봉동),37.59216778,127.0749008,
,서울특별시 중랑구  신내로14길 13 (신내동),37.6058171,127.096123,
,서울특별시 중랑구  중랑역로 122 (중화동),37.59438044,127.0771237,
,서울특별시 중랑구  동일로163길 8 (묵동),37.61177214,127.0749515,
,서울특별시 중랑구  용마산로 554 (망우동),37.57467503,127.0876005,
,서울특별시 중랑구  망우로 316 (상봉동),37.596532,127.0876711,
,서울특별시 중랑구  동일로129길 12 (중화동),37.59975505,127.0772483,
,서울특별시 중랑구  봉우재로 195 (망우동),37.59551637,127.0968215,
,서울특별시 중랑구  봉우재로 39 (면목동),37.58953261,127.0747191,
,서울특별시 중랑구  봉화산로52길 58 (신내동),37.60615957,127.0967348,
,서울특별시 중랑구  중랑천로10길 76 (면목동),37.59221947,127.07584,
,서울특별시 중랑구  망우로 202 (상봉동),37.5934894,127.0754917,
,서울특별시 중랑구  사가정로 389 (면목동),37.58095385,127.0880673,
,서울특별시 중랑구  망우로 204 (상봉동),37.5935314,127.0756554,
,서울특별시 중랑구  망우로 291 (상봉동),37.5964571,127.0848342,
,서울특별시 중랑구  동일로 607 (면목동),37.57415191,127.0800289,
,서울특별시 중랑구  용마산로 328 (면목동),37.58107385,127.0936135,
,"서울특별시 중랑구  중랑역로 262, 2층 (묵동, 동양제일관광나이트)",37.61485195,127.0753608,
,서울특별시 중랑구  봉화산로56길 77 (신내동),37.6052379,127.0980407,
,"서울특별시 중랑구  면목로37길 5 (면목동, 중하빌딩)",37.57936681,127.0849706,
,"서울특별시 중랑구  겸재로 264 (면목동, (주)그린고속관광)",37.59016866,127.0955735,
,"서울특별시 중랑구  용마산로 493, 동양빌딩 지층 1호 (망우동)",37.5950138,127.0995611,
,서울특별시 중랑구  상봉중앙로 45 (상봉동),37.60089401,127.0874424,
,서울특별시 중랑구  망우로 247 (중화동),37.5953374,127.079584,
,서울특별시 중랑구  면목로23길 20 (면목동),37.57341752,127.0826605,
,"서울특별시 중랑구  용마산로100길 13, 면일체육문화센터 (망우동)",37.59093,127.1004645,
완전폐쇄형,레프트커피(경희대로 20) 옥상,37.59321485,127.0529734,2021-10-27
완전개방형,고미술로 100(답십리동) 옥상,37.56694013,127.0535957,2021-10-27
완전개방형,한천로11길 6(답십리동) 옥상,37.5672922,127.0618417,2021-10-27
완전개방형,홍릉로 58(청량리동) 1층,37.5834824,127.0441365,2021-10-27
완전개방형,왕산로 61(용두동) 옥상,37.5757257,127.034286,2021-10-27
개방형,왕산로 25(신설동) 옥상,37.576819,127.0261308,2021-10-27
개방형,왕산로 25(신설동) 1층,37.576819,127.0261308,2021-10-27
개방형,왕산로 19(신설동) 옥상,37.5820733,127.0472683,2021-10-27
개방형,왕산로 15(신설동) 옥상,37.5765269,127.0253013,2021-10-27
개방형,왕산로 4(신설동) 테라스,37.5779194,127.0357975,2021-10-27
개방형,왕산로 127(제기동) 옥상,37.5784454,127.0375394,2021-10-27
개방형,장한로 91(장안동) 1층,37.57020718,127.0704052,2021-10-27
개방형,한천로14길 87(장안동) 1층,37.5677659,127.0641385,2021-10-27
개방형,천호대로 151(용두동) 1층,37.5736462,127.0401155,2021-10-27
완전개방형,이문로 156(이문동) 옥상,37.59137774,127.0568614,2021-10-27
개방형,이문로 156(이문동) 1층,37.59137774,127.0568614,2021-10-27
완전개방형,장한로 40(장안동) 옥상,37.57020718,127.0704052,2021-10-27
폐쇄형,난계로28길 23(신설동) 3층,37.57203006,127.0262832,2021-10-27
완전개방형,난계로 250(신설동) 옥상,37.5737039,127.023688,2021-10-27
완전개방형,난계로30길 27(신설동)옥상,37.57392116,127.025352,2021-10-27
완전폐쇄형,청계천로 447(신설동) 1층,37.5675784,126.989041,2021-10-27
완전개방형,왕산로 4(신설동) 옥상,37.5779194,127.0357975,2021-10-27
완전개방형,왕산로6(신설동) 1층,37.5757016,127.0244446,2021-10-27
완전개방형,답십리로 303(장안동) 옥상,37.57237755,127.0740785,2021-10-27
개방형,답십리로 294(장안동) 2층,37.57247065,127.0753956,2021-10-27
개방형,답십리로92길 68(장안동) 1층,37.56958756,127.068633,2021-10-27
개방형,회기로 123(회기동) 옥상,37.5916195,127.0503386,2021-10-27
개방형,사가정로 229(장안동) 1층,37.5789929,127.070443,2021-10-27
개방형,한천로46길 2(장안동) 1층,37.5814785,127.0721237,2021-10-27
완전폐쇄형,답십리로 29(답십리동) 3층,37.57247065,127.0753956,2021-10-27
완전폐쇄형,답십리로 29(답십리동) 4층,37.57247065,127.0753956,2021-10-27
완전폐쇄형,답십리로 29(답십리동) 5층,37.57247065,127.0753956,2021-10-27
개방형,회기로 66(청량리동) 1층,37.59081655,127.0451184,2021-10-27
개방형,한천로 272(휘경동) 1층,37.58513725,127.0687504,2021-10-27
개방형,답십리로64길 103(장안동) 1층,37.57129623,127.0670242,2021-10-27
개방형,장한로 47(장안동) 1층,37.5653723,127.0668717,2021-10-27
개방형,이문로 136(이문동) 1층,37.5984789,127.0617375,2021-10-27
개방형,망우로 60(휘경동) 옥상,37.5892108,127.0600737,2021-10-27
완전폐쇄형,망우로12길 6(휘경동) 1층,37.58810442,127.0577841,2021-10-27
개방형,사가정로 272(장안동) 1층,37.5795937,127.0750614,2021-10-27
개방형,사가정로 203(전농동) 1층,37.5788935,127.0675225,2021-10-27
개방형,천호대로 395 2(장안동) 옥상,37.562057,127.0631882,2021-10-27
개방형,천호대로 393(장안동) 옥상,37.5621122,127.0627852,2021-10-27
개방형,청계천로 439(용두동) 1층,37.57045167,127.0174195,2021-10-27
개방형,왕산로 6(신설동) 1층,37.5757016,127.0244446,2021-10-27
개방형,왕산로 6(신설동) 옥상,37.5757016,127.0244446,2021-10-27
개방형,왕산로 4(신설동) 옥상,37.5779194,127.0357975,2021-10-27
개방형,황물로 60(답십리동) 옥상,37.5709138,127.0497991,2021-10-27
개방형,장한로10길 9(장안동) 1층,37.56447849,127.0698559,2021-10-27
개방형,장한로 120(장안동) 옥상,37.5710593,127.071267,2021-10-27
개방형,한천로 77(답십리동) 테라스 2층,37.63157141,127.0400311,2021-10-27
개방형,한천로 77(답십리동) 테라스 4층,37.63157141,127.0400311,2021-10-27
개방형,한천로 77(답십리동) 테라스 5층,37.63157141,127.0400311,2021-10-27
개방형,한천로 77(답십리동) 테라스 6층,37.63157141,127.0400311,2021-10-27
폐쇄형,장안벚꽃로 279(휘경동) 1층,37.5840876,127.0721187,2021-10-27
개방형,왕산로 71(용두동) 옥상,37.57557019,127.0234261,2021-10-27
개방형,장한로 22(장안동) 1층,37.57862402,127.0722139,2021-10-27
개방형,홍릉로 28(청량리동) 옥상,37.5834824,127.0441365,2021-10-27
개방형,장한로2길 62(장안동) 1층,37.5615423,127.0685507,2021-10-27
개방형,회기로 37(청량리동) 1층,37.59053983,127.0544209,2021-10-27
개방형,동대문구청(천호대로 145) 1층,37.57430575,127.0400411,2021-10-27
개방형,동대문구청(천호대로 145) 5층,37.57430575,127.0400411,2021-10-27
완전폐쇄형,동대문구민회관(장한로18길 82 9) 1층,37.56713037,127.0716429,2021-10-27
개방형,동대문소방서(장한로 34) 1층,37.57862402,127.0722139,2021-10-27
개방형,동대문우체국(천호대로 4) 1층,37.5748149,127.024573,2021-10-27
폐쇄형,서울명병원(고산자로 421) 옥상,37.55057266,127.035668,2021-10-27
개방형,멘토스병원(한천로 49) 옥상,37.63157141,127.0400311,2021-10-27
완전개방형,대한민국정형외과(장한로 200) 1층,37.5782943,127.0725342,2021-10-27
개방형,경희의료원(경희대로 23) 1층,37.59386765,127.0518648,2021-10-27
개방형,브레인요양병원(장한로32길 7) 옥상,37.575439,127.0726314,2021-10-27
개방형,참튼튼병원(답십리로 261) 옥상,37.5726431,127.0692967,2021-10-27
폐쇄형,삼육서울병원(망우로 82) 1층,37.5889663,127.0667506,2021-10-27
개방형,동부시립병원(무학로 124) ,37.5753614,127.031316,2021-10-27
완전개방형,CMS INN.SEOUL(회기로 188 12)옥상,37.59053983,127.0544209,2021-10-27
개방형,더리센츠호텔(천호대로 383) 1층,37.5622746,127.0616514,2021-10-27
개방형,골든씨티호텔(천호대로 377)1층,37.5622554,127.0609917,2021-10-27
개방형,한빛로 12(신설동) 1층,37.57802585,127.027523,2021-10-27
완전폐쇄형,래미안엘파인아파트한천로37길 33(답십리동) 1층,37.57595305,127.0649742,2021-10-27
개방형,장한로 37(장안동) 1층,37.5646122,127.066318,2021-10-27
완전폐쇄형,"장한로2길 33, 2층",37.56184832,127.0677429,2021-10-27
개방형,왕산로 214 1층,37.5806693,127.0482075,2021-10-27
개방형,천호대로 421 옥상,37.5617444,127.0659451,2021-10-27
완전개방형,장한로6 옥상,37.57020718,127.0704052,2021-10-27
폐쇄형,서오릉로 178,37.6131566,126.9138942,2024-01-02
폐쇄형,서오릉로 192,37.613776,126.9123339,2024-01-02
폐쇄형,서오릉로 77,37.6071129,126.921725,2024-01-02
폐쇄형,서오릉로 151,37.6117652,126.9159717,2024-01-02
폐쇄형,서오릉로 110,37.6098135,126.9201302,2024-01-02
폐쇄형,연서로29길 5,37.6186121,126.9195119,2024-01-02
폐쇄형,갈현로 188,37.6144044,126.9125157,2024-01-02
폐쇄형,갈현로 186,37.6142524,126.9123159,2024-01-02
폐쇄형,갈현로 181-24,37.6146139,126.9113039,2024-01-02
폐쇄형,갈현로 188,37.6144044,126.9125157,2024-01-02
,서울특별시 중랑구  면목로 361 (면목동),37.5843592,127.08822,
,서울특별시 중랑구  면목로 342 (면목동),37.5824239,127.0888167,
,서울특별시 중랑구  면목로 419 (면목동),37.5894335,127.0869947,
,"서울특별시 중랑구  면목로 289, 4층 (면목동)",37.5787384,127.0860174,
,서울특별시 중랑구  면목로 지하 487 (상봉동),37.6034782,127.087075,
,서울특별시 중랑구  면목로 368  (면목동),37.5847753,127.0886413,
,서울특별시 중랑구  면목동 359-15번지 지하1층 ,37.5870552,127.0881658,
,서울특별시 중랑구  면목동 176-11번지 1층 ,37.5869229,127.0784883,
,서울특별시 중랑구  면목동 665-3번지 ,37.5781997,127.0850301,
,서울특별시 중랑구  면목동 399-36번지 지상2층 ,37.5715706,127.0826898,
,서울특별시 중랑구  면목동 458-76번지 지상3층 ,37.5824239,127.0888167,
,"서울특별시 중랑구  면목동 103-5번지 지상2,3층 ",37.5892523,127.0903713,
,서울특별시 중랑구  면목동 103-6번지 ,37.5891537,127.089936,
,서울특별시 중랑구  면목동 661-4번지 지하1층 ,37.5784066,127.0851782,
,서울특별시 중랑구  면목동 102-2번지 지상2층 ,37.5890826,127.0896407,
,서울특별시 중랑구  면목동 497-7번지 2층 ,37.5823489,127.0882923,
,서울특별시 중랑구  면목동 118-1번지 2층 ,37.5878166,127.0860325,
,서울특별시 중랑구  면목동 578-28번지 외 2필지 지상2층 ,37.5787069,127.0910941,
,서울특별시 중랑구  면목동 653-1번지 3층 ,37.5792587,127.0857166,
,서울특별시 중랑구  면목동 103-6번지 2층 ,37.5891537,127.089936,
,서울특별시 중랑구  면목동 117-17번지 2층 ,37.5878855,127.0862745,
,서울특별시 중랑구  면목동 458-49번지 지하1층 ,37.5823244,127.0897573,
,서울특별시 중랑구  면목동 148-31번지 ,37.5874664,127.0827621,
,서울특별시 중랑구  면목동 184-13번지 세일종합상가 2층 ,37.5921987,127.0771637,
,서울특별시 중랑구  면목동 51-19번지 지상2층 ,37.5876778,127.0964983,
,서울특별시 중랑구  면목동 146-75번지 3층 ,37.5875118,127.0802442,
,서울특별시 중랑구  면목동 497-7번지 2층 ,37.5823489,127.0882923,
,서울특별시 중랑구  면목동 51-1번지 3층 ,37.5877663,127.0962411,
,서울특별시 중랑구  면목동 50-47번지 2층 ,37.5878611,127.0956088,
,서울특별시 중랑구  면목동 496-4번지 지하1층 ,37.5809852,127.088056,
,서울특별시 중랑구  면목동 472-8번지 지상2층 ,37.5808755,127.0898948,
,서울특별시 중랑구  면목동 68-11번지 지상2층 ,37.5869304,127.0943205,
,서울특별시 중랑구  면목동 175-85번지 지상1층 ,37.5862751,127.0789095,
,서울특별시 중랑구  면목동 161-34번지 3층 ,37.5846276,127.0801394,
,서울특별시 중랑구  면목동 17-31번지 지층 ,37.5899503,127.0974043,
,서울특별시 중랑구  면목동 105-4번지 ,37.5886355,127.0896008,
,서울특별시 중랑구  면목동 720-6번지 ,37.5743069,127.0803012,
,서울특별시 중랑구  면목동 177-43번지 ,37.5868092,127.0780105,
,서울특별시 중랑구  면목동 456-27번지 ,37.582266,127.0899527,
,서울특별시 중랑구  면목동 167-47번지 ,37.5831667,127.0930266,
,서울특별시 중랑구  면목동 72-1번지 3층 ,37.5894699,127.0934254,
,서울특별시 중랑구  면목동 134-14번지 ,37.591568,127.0820881,
,서울특별시 중랑구  면목동 458-1번지 ,37.5834179,127.0886782,
,서울특별시 중랑구  면목동 44-17번지 ,37.5875465,127.0945573,
,서울특별시 중랑구  면목동 14-26번지 ,37.5889641,127.0976286,
,서울특별시 중랑구  면목동 161-8번지 ,37.584274,127.0805189,
,서울특별시 중랑구  면목동 455-19번지 ,37.58229,127.0905614,
,서울특별시 중랑구  면목동 715번지 늘푸른동아아파트 ,37.5728104,127.0807086,
,서울특별시 중랑구  면목동 151-7번지 ,37.5853982,127.08009,
,서울특별시 중랑구  면목동 175-40번지 지하1층 ,37.5849775,127.0787518,
,서울특별시 중랑구  면목동 167-47번지 ,37.5831667,127.0930266,
,서울특별시 중랑구  면목동 72-57번지 2층 ,37.5891113,127.0919144,
,서울특별시 중랑구  중화동 316-1번지 지하1층 ,37.5981313,127.0766549,
,서울특별시 중랑구  중화동 314-1번지 지하1층 ,37.5992926,127.0774642,
,서울특별시 중랑구  중화동 307-63번지 지상3층 ,37.604223,127.0775374,
,서울특별시 중랑구  중화동 307-1번지 1층 17회외22 ,37.6049592,127.0776606,
,서울특별시 중랑구  중화동 307-62번지 지상1층 ,37.6040682,127.0774975,
,서울특별시 중랑구  중화동 315-10번지 2층 ,37.5984174,127.0769203,
,서울특별시 중랑구  중화동 325-16번지 지상1층 ,37.596344,127.0719215,
,서울특별시 중랑구  중화동 301-49번지 지상1층 ,37.5977679,127.0794333,
,서울특별시 중랑구  중화동 302-81번지 양지대중사우나 ,37.5988388,127.0781802,
,서울특별시 중랑구  상봉동 115-20번지 ,37.5954524,127.0830468,
,서울특별시 중랑구  상봉동 88-95번지 ,37.5950151,127.0896256,
,서울특별시 중랑구  상봉동 113-4번지 지하1층 ,37.5947611,127.0856829,
,"서울특별시 중랑구  상봉동 496 우정 상가동 비01,비02,비03,비04,비05,비06 ",37.5994289,127.0886841,
,서울특별시 중랑구  상봉동 122번지 2층 ,37.5937203,127.0833017,
,서울특별시 중랑구  상봉동 136-1번지 3층 4호,37.5931565,127.0740931,
,서울특별시 중랑구  상봉동 84-22번지 2층 ,37.5941647,127.0925253,
,서울특별시 중랑구  상봉동 300-2번지 2층 ,37.6027566,127.0873757,
,서울특별시 중랑구  상봉동 90-12번지 ,37.5957218,127.0891373,
,서울특별시 중랑구  상봉동 84-28번지 지상1층 ,37.5941427,127.0923831,
,서울특별시 중랑구  상봉동 90-49번지 ,37.5955993,127.0891785,
,서울특별시 중랑구  상봉동 115-19번지 지상2층 ,37.5954968,127.0832168,
,서울특별시 중랑구  상봉동 90-61번지 지상1층 ,37.596097,127.0881819,
,서울특별시 중랑구  상봉동 129-3번지 지층 ,37.5938122,127.0765318,
,서울특별시 중랑구  상봉동 130-139번지 ,37.5931619,127.0761192,
,서울특별시 중랑구  상봉동 130-130번지 2층 ,37.5932391,127.0764224,
,서울특별시 중랑구  상봉동 125-68번지 ,37.5919606,127.0819664,
,서울특별시 중랑구  상봉동 130-56번지 ,37.592273,127.075656,
,서울특별시 중랑구  상봉동 101-15번지 ,37.5959089,127.0859996,
,서울특별시 중랑구  상봉동 88-38번지 ,37.5949458,127.0909779,
,서울특별시 중랑구  상봉동 130-108번지 ,37.5929229,127.0752268,
,서울특별시 중랑구 망우로 418,37.5991809,127.0986356,
,서울특별시 중랑구 망우로 418,37.5991809,127.0986356,
,서울특별시 중랑구 망우로 403,37.5995554,127.096928,
,서울특별시 중랑구  망우동 147-21번지 지상2층 ,37.6010569,127.1049703,
,서울특별시 중랑구  망우동 487-17번지 지하1층 ,37.6003075,127.1001505,
,서울특별시 중랑구  망우동 572번지 용마프라자 지하001호,37.5963944,127.0987625,
,서울특별시 중랑구  망우동 491-38번지 3층 ,37.598206,127.0967313,
,서울특별시 중랑구  망우동 357-36번지 지상1층 ,37.6007164,127.1007068,
,서울특별시 중랑구  망우동 516-2번지 2층 ,37.5951972,127.0932869,
,서울특별시 중랑구  망우동 410-1번지 지상2층 ,37.5949388,127.1002283,
,서울특별시 중랑구  망우동 358-5번지 지층 ,37.6002074,127.100766,
,서울특별시 중랑구  망우동 464-27번지 ,37.5964998,127.0993778,
,서울특별시 중랑구  망우동 466-1번지 준인테리어 ,37.5914889,127.097404,
,서울특별시 중랑구  망우동 487-17번지 지하1층 ,37.6003075,127.1001505,
,서울특별시 중랑구  망우동 523-66번지 ,37.5907272,127.0937559,
,서울특별시 중랑구  망우동 488-16번지 동성빌딩 ,37.5999312,127.0984947,
,서울특별시 중랑구  망우동 469-36번지 바울선교회 ,37.5986585,127.0984124,
,서울특별시 중랑구  망우동 403-16번지 ,37.5968743,127.1005028,
,서울특별시 중랑구  망우동 461-1번지 3층 ,37.5957333,127.0993853,
,서울특별시 중랑구  묵동 238-2번지 2층 201호 ,37.6135562,127.0766913,
,서울특별시 중랑구  묵동 176-1번지 3층 ,37.6118887,127.0783486,
,서울특별시 중랑구  묵동 235-17번지 ,37.6141327,127.0751654,
,서울특별시 중랑구  묵동 244-140번지 지상3층 ,37.6096772,127.0766812,
,서울특별시 중랑구  묵동 170-27번지 월등스카이뷰아파트 비101 ,37.6141419,127.0771252,
,서울특별시 중랑구  묵동 174-4번지 지하1층 ,37.6122016,127.078474,
,"서울특별시 중랑구  묵동 239-1번지 3층 1,2호",37.611766,127.0772031,
,서울특별시 중랑구  신내동 454-4번지 지상3층 ,37.6055912,127.0970712,
,서울특별시 중랑구  신내동 587-4번지 지상3층 ,37.605613,127.0967759,
,서울특별시 중랑구  신내동 494-5번지 지하1층 ,37.6003299,127.0984069,
,서울특별시 중랑구  신내동 613-10번지 외 1필지 3층 ,37.6076708,127.0965653,
,서울특별시 중랑구  신내동 613-71번지 부영빌딩3층 ,37.6077156,127.0967934,
,서울특별시 중랑구  신내동 644번지 엘리어트하우스 지하1동 102호,37.6154907,127.0944499,
,서울특별시 중랑구  신내동 800번지 동광오뜨빌 ,37.615989,127.092891,
,서울특별시 중랑구  신내동 797번지 동성7차아파트 ,37.605921,127.097179,
,서울특별시 중랑구  신내동 613-15번지 ,37.6075508,127.0962828,
비대면흡연부스,논현로 71 평가옥 앞 ,37.4762761,127.0456106,
비대면흡연부스,논현로 31 빌딩 앞 사거리 가각지점,37.4999198,127.0377596,
,서울특별시 중랑구  중화동 311-10번지 지하1층 ,37.6017164,127.0772871,
,서울특별시 중랑구  중화동 311-7번지 ,37.6019338,127.0774465,
,서울특별시 중랑구  중화동 311-9번지 임마누엘교회 ,37.6016919,127.0774982,
,서울특별시 중랑구  중화동 311-3번지 ,37.6024424,127.0774207,
